Input size,Solution,Solution Length,Time Taken,Approximation Factor
"10,10","[2, 3, 5, 1]",4,0.022211790084838867,1.5
"10,20","[4, 9, 3, 7, 6, 0, 2, 5, 8, 1]",10,0.01710677146911621,0.8
"10,30","[3, 4, 9, 7, 6, 5, 8, 0, 1, 2]",10,0.017675399780273438,1.0
"10,40","[3, 4, 7, 6, 5, 0, 2, 8, 9, 1]",10,0.035883188247680664,1.0
"20,20","[6, 18, 12, 16, 3, 8, 1, 9, 2, 14, 4, 5, 0, 11, 13, 10]",16,0.022430896759033203,0.875
"20,30","[9, 14, 8, 18, 11, 15, 3, 0, 13, 6, 5, 12, 7, 10]",14,0.023115158081054688,1.1428571428571428
"20,40","[6, 15, 3, 7, 4, 12, 8, 18, 10, 11, 17, 2, 14, 13, 19, 5, 9, 1, 16, 0]",20,0.0199429988861084,0.8
"20,50","[12, 19, 3, 16, 5, 10, 8, 9, 14, 0, 2, 11, 17, 18, 15, 13, 7, 6, 1]",19,0.03465390205383301,0.9473684210526315
