Input size,Solution,Solution Length,Time Taken,Approximation Factor
"10,10","[1, 2, 3, 4, 5, 7]",6,0.0003933906555175781,1.5
"10,20","[0, 2, 3, 4, 5, 6, 7, 9]",8,3.0040740966796875e-05,1.3333333333333333
"10,30","[0, 1, 2, 3, 4, 5, 6, 7, 8, 9]",10,2.6941299438476562e-05,1.4285714285714286
"10,40","[0, 1, 2, 3, 4, 5, 6, 7, 8, 9]",10,4.00543212890625e-05,1.25
